{
  "dataset_revision": "0fd18e25b25c072e09e0d92ab615fda904d66300",
  "mteb_dataset_name": "Banking77Classification",
  "mteb_version": "1.1.0",
  "test": {
    "accuracy": 0.6742857142857142,
    "accuracy_stderr": 0.006666209856728063,
    "evaluation_time": 9.57,
    "f1": 0.6714706488303526,
    "f1_stderr": 0.0073560540509692435,
    "main_score": 0.6742857142857142
  }
}